;fecha;cod_insumo;key;desc_insumo;INGRESO (KG);CONSUMO (KG);STOCK INICIAL (KG)_R;updated_cumulative_inventory
0;2023-05-31 00:00:00;178;2023-05-31178;ASERRIN;0;0;55500;55500
1;2023-06-01 00:00:00;178;2023-06-01178;ASERRIN;19760;8222,72;0;67037
2;2023-06-02 00:00:00;178;2023-06-02178;ASERRIN;19760;8222,72;0;67037
3;2023-06-03 00:00:00;178;2023-06-03178;ASERRIN;43200;7785,98;0;102451
4;2023-06-04 00:00:00;178;2023-06-04178;ASERRIN;43200;7785,98;0;102451
5;2023-06-05 00:00:00;178;2023-06-05178;ASERRIN;22410;7281,66;0;117579
6;2023-06-06 00:00:00;178;2023-06-06178;ASERRIN;22410;7281,66;0;117579
7;2023-06-07 00:00:00;178;2023-06-07178;ASERRIN;22410;7281,66;0;117579
8;2023-06-08 00:00:00;178;2023-06-08178;ASERRIN;22030;8050,33;0;131559
9;2023-06-09 00:00:00;178;2023-06-09178;ASERRIN;23590;8682,54;0;146466
10;2023-06-10 00:00:00;178;2023-06-10178;ASERRIN;23590;8682,54;0;146466
11;2023-06-11 00:00:00;178;2023-06-11178;ASERRIN;23590;8682,54;0;146466
12;2023-06-12 00:00:00;178;2023-06-12178;ASERRIN;22990;7472,64;0;161984
13;2023-06-13 00:00:00;178;2023-06-13178;ASERRIN;22990;7472,64;0;161984
14;2023-06-14 00:00:00;178;2023-06-14178;ASERRIN;22990;7472,64;0;161984
15;2023-06-15 00:00:00;178;2023-06-15178;ASERRIN;22990;7472,64;0;161984
16;2023-06-16 00:00:00;178;2023-06-16178;ASERRIN;22990;7472,64;0;161984
17;2023-06-17 00:00:00;178;2023-06-17178;ASERRIN;45680;8898,44;0;198765
18;2023-06-18 00:00:00;178;2023-06-18178;ASERRIN;45680;8898,44;0;198765
19;2023-06-19 00:00:00;178;2023-06-19178;ASERRIN;45680;8898,44;0;198765
20;2023-06-20 00:00:00;178;2023-06-20178;ASERRIN;45680;8898,44;0;198765
21;2023-06-21 00:00:00;178;2023-06-21178;ASERRIN;22590;7799,05;0;213556
22;2023-06-22 00:00:00;178;2023-06-22178;ASERRIN;22590;7799,05;0;213556
23;2023-06-23 00:00:00;178;2023-06-23178;ASERRIN;22590;7799,05;0;213556
24;2023-06-24 00:00:00;178;2023-06-24178;ASERRIN;22590;7799,05;0;213556
25;2023-06-25 00:00:00;178;2023-06-25178;ASERRIN;22590;7799,05;0;213556
26;2023-06-26 00:00:00;178;2023-06-26178;ASERRIN;23310;3774,06;0;233092
27;2023-06-27 00:00:00;178;2023-06-27178;ASERRIN;23310;3774,06;0;233092
28;2023-06-28 00:00:00;178;2023-06-28178;ASERRIN;23310;3774,06;0;233092
29;2023-06-29 00:00:00;178;2023-06-29178;ASERRIN;23310;3774,06;0;233092
30;2023-06-30 00:00:00;178;2023-06-30178;ASERRIN;23310;3774,06;0;233092
31;2023-07-01 00:00:00;178;2023-07-01178;ASERRIN;23310;3774,06;0;233092
32;2023-07-02 00:00:00;178;2023-07-02178;ASERRIN;23310;3774,06;0;233092
33;2023-07-03 00:00:00;178;2023-07-03178;ASERRIN;25400;3680,53;0;254812
34;2023-07-04 00:00:00;178;2023-07-04178;ASERRIN;25400;3680,53;0;254812
35;2023-07-05 00:00:00;178;2023-07-05178;ASERRIN;24420;7051,37;0;272180
36;2023-07-06 00:00:00;178;2023-07-06178;ASERRIN;24420;7051,37;0;272180
37;2023-07-07 00:00:00;178;2023-07-07178;ASERRIN;21400;7078,11;0;286502
38;2023-07-08 00:00:00;178;2023-07-08178;ASERRIN;47530;7060,38;0;326972
39;2023-07-09 00:00:00;178;2023-07-09178;ASERRIN;47530;7060,38;0;326972
40;2023-07-10 00:00:00;178;2023-07-10178;ASERRIN;47530;7060,38;0;326972
41;2023-07-11 00:00:00;178;2023-07-11178;ASERRIN;47530;7060,38;0;326972
42;2023-07-12 00:00:00;178;2023-07-12178;ASERRIN;47530;7060,38;0;326972
43;2023-07-13 00:00:00;178;2023-07-13178;ASERRIN;47530;7060,38;0;326972
44;2023-07-14 00:00:00;178;2023-07-14178;ASERRIN;24390;6556;0;344806
45;2023-07-15 00:00:00;178;2023-07-15178;ASERRIN;26740;6311,84;0;365234
46;2023-07-16 00:00:00;178;2023-07-16178;ASERRIN;26740;6311,84;0;365234
47;2023-07-17 00:00:00;178;2023-07-17178;ASERRIN;26740;6311,84;0;365234
48;2023-07-18 00:00:00;178;2023-07-18178;ASERRIN;26740;6311,84;0;365234
49;2023-07-19 00:00:00;178;2023-07-19178;ASERRIN;26740;6311,84;0;365234
50;2023-07-20 00:00:00;178;2023-07-20178;ASERRIN;26740;6311,84;0;365234
51;2023-07-21 00:00:00;178;2023-07-21178;ASERRIN;26740;6311,84;0;365234
52;2023-07-22 00:00:00;178;2023-07-22178;ASERRIN;26740;6311,84;0;365234
53;2023-07-23 00:00:00;178;2023-07-23178;ASERRIN;26740;6311,84;0;365234
54;2023-07-24 00:00:00;178;2023-07-24178;ASERRIN;19630;6342,5;0;378521
55;2023-07-25 00:00:00;178;2023-07-25178;ASERRIN;48030;2748,6;0;423803
56;2023-07-26 00:00:00;178;2023-07-26178;ASERRIN;48030;2748,6;0;423803
57;2023-07-27 00:00:00;178;2023-07-27178;ASERRIN;48030;2748,6;0;423803
58;2023-07-28 00:00:00;178;2023-07-28178;ASERRIN;48030;2748,6;0;423803
59;2023-07-29 00:00:00;178;2023-07-29178;ASERRIN;48030;2748,6;0;423803
60;2023-07-30 00:00:00;178;2023-07-30178;ASERRIN;48030;2748,6;0;423803
61;2023-07-31 00:00:00;178;2023-07-31178;ASERRIN;23430;2651,7;0;444581
62;2023-08-01 00:00:00;178;2023-08-01178;ASERRIN;23310;4825,09;0;463066
63;2023-08-02 00:00:00;178;2023-08-02178;ASERRIN;23310;4825,09;0;463066
64;2023-08-03 00:00:00;178;2023-08-03178;ASERRIN;23310;4825,09;0;463066
65;2023-08-04 00:00:00;178;2023-08-04178;ASERRIN;19340;4436,41;0;477970
66;2023-08-05 00:00:00;178;2023-08-05178;ASERRIN;19340;4436,41;0;477970
67;2023-08-06 00:00:00;178;2023-08-06178;ASERRIN;19340;4436,41;0;477970
68;2023-08-07 00:00:00;178;2023-08-07178;ASERRIN;51550;4683,17;0;524836
69;2023-08-08 00:00:00;178;2023-08-08178;ASERRIN;51550;4683,17;0;524836
70;2023-08-09 00:00:00;178;2023-08-09178;ASERRIN;51550;4683,17;0;524836
71;2023-08-10 00:00:00;178;2023-08-10178;ASERRIN;23840;3322,47;0;545354
72;2023-08-11 00:00:00;178;2023-08-11178;ASERRIN;48990;3706,99;0;590637
73;2023-08-12 00:00:00;178;2023-08-12178;ASERRIN;22800;4325,2;0;609112
74;2023-08-13 00:00:00;178;2023-08-13178;ASERRIN;22800;4325,2;0;609112
75;2023-08-14 00:00:00;178;2023-08-14178;ASERRIN;22800;4325,2;0;609112
76;2023-08-15 00:00:00;178;2023-08-15178;ASERRIN;22800;4325,2;0;609112
77;2023-08-16 00:00:00;178;2023-08-16178;ASERRIN;25230;3911,57;0;630430
78;2023-08-17 00:00:00;178;2023-08-17178;ASERRIN;53840;4321,57;0;679949
79;2023-08-18 00:00:00;178;2023-08-18178;ASERRIN;53680;4776,78;0;728852
80;2023-08-19 00:00:00;178;2023-08-19178;ASERRIN;44460;4799,24;0;768513
81;2023-08-20 00:00:00;178;2023-08-20178;ASERRIN;44460;4799,24;0;768513
82;2023-08-21 00:00:00;178;2023-08-21178;ASERRIN;44460;4799,24;0;768513
83;2023-08-22 00:00:00;178;2023-08-22178;ASERRIN;44460;4799,24;0;768513
84;2023-08-23 00:00:00;178;2023-08-23178;ASERRIN;44460;4799,24;0;768513
85;2023-08-24 00:00:00;178;2023-08-24178;ASERRIN;44460;4799,24;0;768513
86;2023-08-25 00:00:00;178;2023-08-25178;ASERRIN;44460;4799,24;0;768513
87;2023-08-26 00:00:00;178;2023-08-26178;ASERRIN;44460;4799,24;0;768513
88;2023-05-31 00:00:00;120;2023-05-31120;CEBADA;0;0;1485000;1485000
89;2023-06-01 00:00:00;120;2023-06-01120;CEBADA;0;0;1485000;1485000
90;2023-06-02 00:00:00;120;2023-06-02120;CEBADA;0;0;1485000;1485000
91;2023-06-03 00:00:00;120;2023-06-03120;CEBADA;0;0;1485000;1485000
92;2023-06-04 00:00:00;120;2023-06-04120;CEBADA;0;0;1485000;1485000
93;2023-06-05 00:00:00;120;2023-06-05120;CEBADA;0;0;1485000;1485000
94;2023-06-06 00:00:00;120;2023-06-06120;CEBADA;0;0;1485000;1485000
95;2023-06-07 00:00:00;120;2023-06-07120;CEBADA;0;0;1485000;1485000
96;2023-06-08 00:00:00;120;2023-06-08120;CEBADA;0;0;1485000;1485000
97;2023-06-09 00:00:00;120;2023-06-09120;CEBADA;0;0;1485000;1485000
98;2023-06-10 00:00:00;120;2023-06-10120;CEBADA;0;0;1485000;1485000
99;2023-06-11 00:00:00;120;2023-06-11120;CEBADA;0;0;1485000;1485000
100;2023-06-12 00:00:00;120;2023-06-12120;CEBADA;0;0;1485000;1485000
101;2023-06-13 00:00:00;120;2023-06-13120;CEBADA;0;0;1485000;1485000
102;2023-06-14 00:00:00;120;2023-06-14120;CEBADA;0;0;1485000;1485000
103;2023-06-15 00:00:00;120;2023-06-15120;CEBADA;0;0;1485000;1485000
104;2023-06-16 00:00:00;120;2023-06-16120;CEBADA;0;0;1485000;1485000
105;2023-06-17 00:00:00;120;2023-06-17120;CEBADA;0;0;1485000;1485000
106;2023-06-18 00:00:00;120;2023-06-18120;CEBADA;0;0;1485000;1485000
107;2023-06-19 00:00:00;120;2023-06-19120;CEBADA;0;0;1485000;1485000
108;2023-06-20 00:00:00;120;2023-06-20120;CEBADA;0;0;1485000;1485000
109;2023-06-21 00:00:00;120;2023-06-21120;CEBADA;0;0;1485000;1485000
110;2023-06-22 00:00:00;120;2023-06-22120;CEBADA;0;0;1485000;1485000
111;2023-06-23 00:00:00;120;2023-06-23120;CEBADA;0;0;1485000;1485000
112;2023-06-24 00:00:00;120;2023-06-24120;CEBADA;0;0;1485000;1485000
113;2023-06-25 00:00:00;120;2023-06-25120;CEBADA;0;0;1485000;1485000
114;2023-06-26 00:00:00;120;2023-06-26120;CEBADA;0;0;1485000;1485000
115;2023-06-27 00:00:00;120;2023-06-27120;CEBADA;0;0;1485000;1485000
116;2023-06-28 00:00:00;120;2023-06-28120;CEBADA;0;0;1485000;1485000
117;2023-06-29 00:00:00;120;2023-06-29120;CEBADA;0;0;1485000;1485000
118;2023-06-30 00:00:00;120;2023-06-30120;CEBADA;0;0;1485000;1485000
119;2023-07-01 00:00:00;120;2023-07-01120;CEBADA;0;0;1485000;1485000
120;2023-07-02 00:00:00;120;2023-07-02120;CEBADA;0;0;1485000;1485000
121;2023-07-03 00:00:00;120;2023-07-03120;CEBADA;0;0;1485000;1485000
122;2023-07-04 00:00:00;120;2023-07-04120;CEBADA;0;0;1485000;1485000
123;2023-07-05 00:00:00;120;2023-07-05120;CEBADA;0;0;1485000;1485000
124;2023-07-06 00:00:00;120;2023-07-06120;CEBADA;0;0;1485000;1485000
125;2023-07-07 00:00:00;120;2023-07-07120;CEBADA;0;0;1485000;1485000
126;2023-07-08 00:00:00;120;2023-07-08120;CEBADA;0;0;1485000;1485000
127;2023-07-09 00:00:00;120;2023-07-09120;CEBADA;0;0;1485000;1485000
128;2023-07-10 00:00:00;120;2023-07-10120;CEBADA;0;0;1485000;1485000
129;2023-07-11 00:00:00;120;2023-07-11120;CEBADA;0;0;1485000;1485000
130;2023-07-12 00:00:00;120;2023-07-12120;CEBADA;0;0;1485000;1485000
131;2023-07-13 00:00:00;120;2023-07-13120;CEBADA;0;0;1485000;1485000
132;2023-07-14 00:00:00;120;2023-07-14120;CEBADA;0;0;1485000;1485000
133;2023-07-15 00:00:00;120;2023-07-15120;CEBADA;0;0;1485000;1485000
134;2023-07-16 00:00:00;120;2023-07-16120;CEBADA;0;0;1485000;1485000
135;2023-07-17 00:00:00;120;2023-07-17120;CEBADA;0;0;1485000;1485000
136;2023-07-18 00:00:00;120;2023-07-18120;CEBADA;0;0;1485000;1485000
137;2023-07-19 00:00:00;120;2023-07-19120;CEBADA;0;0;1485000;1485000
138;2023-07-20 00:00:00;120;2023-07-20120;CEBADA;0;0;1485000;1485000
139;2023-07-21 00:00:00;120;2023-07-21120;CEBADA;0;0;1485000;1485000
140;2023-07-22 00:00:00;120;2023-07-22120;CEBADA;0;0;1485000;1485000
141;2023-07-23 00:00:00;120;2023-07-23120;CEBADA;0;0;1485000;1485000
142;2023-07-24 00:00:00;120;2023-07-24120;CEBADA;0;0;1485000;1485000
143;2023-07-25 00:00:00;120;2023-07-25120;CEBADA;0;0;1485000;1485000
144;2023-07-26 00:00:00;120;2023-07-26120;CEBADA;0;0;1485000;1485000
145;2023-07-27 00:00:00;120;2023-07-27120;CEBADA;0;0;1485000;1485000
146;2023-07-28 00:00:00;120;2023-07-28120;CEBADA;0;0;1485000;1485000
147;2023-07-29 00:00:00;120;2023-07-29120;CEBADA;0;0;1485000;1485000
148;2023-07-30 00:00:00;120;2023-07-30120;CEBADA;0;0;1485000;1485000
149;2023-07-31 00:00:00;120;2023-07-31120;CEBADA;0;0;1485000;1485000
150;2023-08-01 00:00:00;120;2023-08-01120;CEBADA;0;0;1485000;1485000
151;2023-08-02 00:00:00;120;2023-08-02120;CEBADA;0;0;1485000;1485000
152;2023-08-03 00:00:00;120;2023-08-03120;CEBADA;0;0;1485000;1485000
153;2023-08-04 00:00:00;120;2023-08-04120;CEBADA;0;0;1485000;1485000
154;2023-08-05 00:00:00;120;2023-08-05120;CEBADA;0;0;1485000;1485000
155;2023-08-06 00:00:00;120;2023-08-06120;CEBADA;0;0;1485000;1485000
156;2023-08-07 00:00:00;120;2023-08-07120;CEBADA;0;0;1485000;1485000
157;2023-08-08 00:00:00;120;2023-08-08120;CEBADA;0;0;1485000;1485000
158;2023-08-09 00:00:00;120;2023-08-09120;CEBADA;0;0;1485000;1485000
159;2023-08-10 00:00:00;120;2023-08-10120;CEBADA;0;0;1485000;1485000
160;2023-08-11 00:00:00;120;2023-08-11120;CEBADA;0;0;1485000;1485000
161;2023-08-12 00:00:00;120;2023-08-12120;CEBADA;0;0;1485000;1485000
162;2023-08-13 00:00:00;120;2023-08-13120;CEBADA;0;0;1485000;1485000
163;2023-08-14 00:00:00;120;2023-08-14120;CEBADA;0;0;1485000;1485000
164;2023-08-15 00:00:00;120;2023-08-15120;CEBADA;0;0;1485000;1485000
165;2023-08-16 00:00:00;120;2023-08-16120;CEBADA;297760;35489,58;0;1747270
166;2023-08-17 00:00:00;120;2023-08-17120;CEBADA;297760;35489,58;0;1747270
167;2023-08-18 00:00:00;120;2023-08-18120;CEBADA;297760;35489,58;0;1747270
168;2023-08-19 00:00:00;120;2023-08-19120;CEBADA;90370;42508,55;0;1795131
169;2023-08-20 00:00:00;120;2023-08-20120;CEBADA;90370;42508,55;0;1795131
170;2023-08-21 00:00:00;120;2023-08-21120;CEBADA;90370;42508,55;0;1795131
171;2023-08-22 00:00:00;120;2023-08-22120;CEBADA;179250;41422,01;0;1932959
172;2023-08-23 00:00:00;120;2023-08-23120;CEBADA;194610;44640,85;0;2082929
173;2023-08-24 00:00:00;120;2023-08-24120;CEBADA;194610;44640,85;0;2082929
174;2023-08-25 00:00:00;120;2023-08-25120;CEBADA;194610;44640,85;0;2082929
175;2023-08-26 00:00:00;120;2023-08-26120;CEBADA;194610;44640,85;0;2082929
176;2023-05-31 00:00:00;170;2023-05-31170;DDGS;0;0;8500;8500
177;2023-06-01 00:00:00;170;2023-06-01170;DDGS;0;0;8500;8500
178;2023-06-02 00:00:00;170;2023-06-02170;DDGS;87320;17355,29;0;78464
179;2023-06-03 00:00:00;170;2023-06-03170;DDGS;87320;17355,29;0;78464
180;2023-06-04 00:00:00;170;2023-06-04170;DDGS;87320;17355,29;0;78464
181;2023-06-05 00:00:00;170;2023-06-05170;DDGS;25570;14965,65;0;89069
182;2023-06-06 00:00:00;170;2023-06-06170;DDGS;25570;14965,65;0;89069
183;2023-06-07 00:00:00;170;2023-06-07170;DDGS;87200;15170,78;0;161098
184;2023-06-08 00:00:00;170;2023-06-08170;DDGS;29300;16391,84;0;174006
185;2023-06-09 00:00:00;170;2023-06-09170;DDGS;26940;17961,28;0;182985
186;2023-06-10 00:00:00;170;2023-06-10170;DDGS;54380;16979,79;0;220385
187;2023-06-11 00:00:00;170;2023-06-11170;DDGS;54380;16979,79;0;220385
188;2023-06-12 00:00:00;170;2023-06-12170;DDGS;29130;15620,81;0;233894
189;2023-06-13 00:00:00;170;2023-06-13170;DDGS;24060;14704,21;0;243250
190;2023-06-14 00:00:00;170;2023-06-14170;DDGS;24060;14704,21;0;243250
191;2023-06-15 00:00:00;170;2023-06-15170;DDGS;54620;16988,92;0;280881
192;2023-06-16 00:00:00;170;2023-06-16170;DDGS;28190;17914,79;0;291156
193;2023-06-17 00:00:00;170;2023-06-17170;DDGS;25440;18125,95;0;298470
194;2023-06-18 00:00:00;170;2023-06-18170;DDGS;25440;18125,95;0;298470
195;2023-06-19 00:00:00;170;2023-06-19170;DDGS;25440;18125,95;0;298470
196;2023-06-20 00:00:00;170;2023-06-20170;DDGS;24430;16333,56;0;306567
197;2023-06-21 00:00:00;170;2023-06-21170;DDGS;24430;16333,56;0;306567
198;2023-06-22 00:00:00;170;2023-06-22170;DDGS;24430;16333,56;0;306567
199;2023-06-23 00:00:00;170;2023-06-23170;DDGS;24430;16333,56;0;306567
200;2023-06-24 00:00:00;170;2023-06-24170;DDGS;24430;16333,56;0;306567
201;2023-06-25 00:00:00;170;2023-06-25170;DDGS;24430;16333,56;0;306567
202;2023-06-26 00:00:00;170;2023-06-26170;DDGS;24430;16333,56;0;306567
203;2023-06-27 00:00:00;170;2023-06-27170;DDGS;24430;16333,56;0;306567
204;2023-06-28 00:00:00;170;2023-06-28170;DDGS;24430;16333,56;0;306567
205;2023-06-29 00:00:00;170;2023-06-29170;DDGS;24430;16333,56;0;306567
206;2023-06-30 00:00:00;170;2023-06-30170;DDGS;24430;16333,56;0;306567
207;2023-07-01 00:00:00;170;2023-07-01170;DDGS;24430;16333,56;0;306567
208;2023-07-02 00:00:00;170;2023-07-02170;DDGS;24430;16333,56;0;306567
209;2023-07-03 00:00:00;170;2023-07-03170;DDGS;24430;16333,56;0;306567
210;2023-07-04 00:00:00;170;2023-07-04170;DDGS;24430;16333,56;0;306567
211;2023-07-05 00:00:00;170;2023-07-05170;DDGS;24430;16333,56;0;306567
212;2023-07-06 00:00:00;170;2023-07-06170;DDGS;24430;16333,56;0;306567
213;2023-07-07 00:00:00;170;2023-07-07170;DDGS;24430;16333,56;0;306567
214;2023-07-08 00:00:00;170;2023-07-08170;DDGS;24430;16333,56;0;306567
215;2023-07-09 00:00:00;170;2023-07-09170;DDGS;24430;16333,56;0;306567
216;2023-07-10 00:00:00;170;2023-07-10170;DDGS;24430;16333,56;0;306567
217;2023-07-11 00:00:00;170;2023-07-11170;DDGS;24430;16333,56;0;306567
218;2023-07-12 00:00:00;170;2023-07-12170;DDGS;24430;16333,56;0;306567
219;2023-07-13 00:00:00;170;2023-07-13170;DDGS;24430;16333,56;0;306567
220;2023-07-14 00:00:00;170;2023-07-14170;DDGS;24430;16333,56;0;306567
221;2023-07-15 00:00:00;170;2023-07-15170;DDGS;24430;16333,56;0;306567
222;2023-07-16 00:00:00;170;2023-07-16170;DDGS;24430;16333,56;0;306567
223;2023-07-17 00:00:00;170;2023-07-17170;DDGS;24430;16333,56;0;306567
224;2023-07-18 00:00:00;170;2023-07-18170;DDGS;24430;16333,56;0;306567
225;2023-07-19 00:00:00;170;2023-07-19170;DDGS;24430;16333,56;0;306567
226;2023-07-20 00:00:00;170;2023-07-20170;DDGS;24430;16333,56;0;306567
227;2023-07-21 00:00:00;170;2023-07-21170;DDGS;24430;16333,56;0;306567
228;2023-07-22 00:00:00;170;2023-07-22170;DDGS;24430;16333,56;0;306567
229;2023-07-23 00:00:00;170;2023-07-23170;DDGS;24430;16333,56;0;306567
230;2023-07-24 00:00:00;170;2023-07-24170;DDGS;24430;16333,56;0;306567
231;2023-07-25 00:00:00;170;2023-07-25170;DDGS;24430;16333,56;0;306567
232;2023-07-26 00:00:00;170;2023-07-26170;DDGS;24430;16333,56;0;306567
233;2023-07-27 00:00:00;170;2023-07-27170;DDGS;24430;16333,56;0;306567
234;2023-07-28 00:00:00;170;2023-07-28170;DDGS;24430;16333,56;0;306567
235;2023-07-29 00:00:00;170;2023-07-29170;DDGS;24430;16333,56;0;306567
236;2023-07-30 00:00:00;170;2023-07-30170;DDGS;24430;16333,56;0;306567
237;2023-07-31 00:00:00;170;2023-07-31170;DDGS;24430;16333,56;0;306567
238;2023-08-01 00:00:00;170;2023-08-01170;DDGS;24430;16333,56;0;306567
239;2023-08-02 00:00:00;170;2023-08-02170;DDGS;24430;16333,56;0;306567
240;2023-08-03 00:00:00;170;2023-08-03170;DDGS;24430;16333,56;0;306567
241;2023-08-04 00:00:00;170;2023-08-04170;DDGS;24430;16333,56;0;306567
242;2023-08-05 00:00:00;170;2023-08-05170;DDGS;24430;16333,56;0;306567
243;2023-08-06 00:00:00;170;2023-08-06170;DDGS;24430;16333,56;0;306567
244;2023-08-07 00:00:00;170;2023-08-07170;DDGS;24430;16333,56;0;306567
245;2023-08-08 00:00:00;170;2023-08-08170;DDGS;24430;16333,56;0;306567
246;2023-08-09 00:00:00;170;2023-08-09170;DDGS;24430;16333,56;0;306567
247;2023-08-10 00:00:00;170;2023-08-10170;DDGS;24430;16333,56;0;306567
248;2023-08-11 00:00:00;170;2023-08-11170;DDGS;24430;16333,56;0;306567
249;2023-08-12 00:00:00;170;2023-08-12170;DDGS;24430;16333,56;0;306567
250;2023-08-13 00:00:00;170;2023-08-13170;DDGS;24430;16333,56;0;306567
251;2023-08-14 00:00:00;170;2023-08-14170;DDGS;24430;16333,56;0;306567
252;2023-08-15 00:00:00;170;2023-08-15170;DDGS;24430;16333,56;0;306567
253;2023-08-16 00:00:00;170;2023-08-16170;DDGS;24430;16333,56;0;306567
254;2023-08-17 00:00:00;170;2023-08-17170;DDGS;24430;16333,56;0;306567
255;2023-08-18 00:00:00;170;2023-08-18170;DDGS;24430;16333,56;0;306567
256;2023-08-19 00:00:00;170;2023-08-19170;DDGS;24430;16333,56;0;306567
257;2023-08-20 00:00:00;170;2023-08-20170;DDGS;24430;16333,56;0;306567
258;2023-08-21 00:00:00;170;2023-08-21170;DDGS;24430;16333,56;0;306567
259;2023-08-22 00:00:00;170;2023-08-22170;DDGS;24430;16333,56;0;306567
260;2023-08-23 00:00:00;170;2023-08-23170;DDGS;24430;16333,56;0;306567
261;2023-08-24 00:00:00;170;2023-08-24170;DDGS;24430;16333,56;0;306567
262;2023-08-25 00:00:00;170;2023-08-25170;DDGS;24430;16333,56;0;306567
263;2023-08-26 00:00:00;170;2023-08-26170;DDGS;24430;16333,56;0;306567
264;2023-05-31 00:00:00;169;2023-05-31169;FARDO;0;0;1192000;1192000
265;2023-06-01 00:00:00;169;2023-06-01169;FARDO;0;0;1192000;1192000
266;2023-06-02 00:00:00;169;2023-06-02169;FARDO;0;0;1192000;1192000
267;2023-06-03 00:00:00;169;2023-06-03169;FARDO;0;0;1192000;1192000
268;2023-06-04 00:00:00;169;2023-06-04169;FARDO;0;0;1192000;1192000
269;2023-06-05 00:00:00;169;2023-06-05169;FARDO;11160;5076,62;0;1198083
270;2023-06-06 00:00:00;169;2023-06-06169;FARDO;11360;5155,48;0;1204287
271;2023-06-07 00:00:00;169;2023-06-07169;FARDO;11360;5155,48;0;1204287
272;2023-06-08 00:00:00;169;2023-06-08169;FARDO;11360;5155,48;0;1204287
273;2023-06-09 00:00:00;169;2023-06-09169;FARDO;12450;5893,53;0;1210844
274;2023-06-10 00:00:00;169;2023-06-10169;FARDO;11770;6080,28;0;1216534
275;2023-06-11 00:00:00;169;2023-06-11169;FARDO;11770;6080,28;0;1216534
276;2023-06-12 00:00:00;169;2023-06-12169;FARDO;11770;6080,28;0;1216534
277;2023-06-13 00:00:00;169;2023-06-13169;FARDO;22520;4661,21;0;1234392
278;2023-06-14 00:00:00;169;2023-06-14169;FARDO;22680;5040,58;0;1252032
279;2023-06-15 00:00:00;169;2023-06-15169;FARDO;23300;5002,76;0;1270329
280;2023-06-16 00:00:00;169;2023-06-16169;FARDO;20720;16105,01;0;1274944
281;2023-06-17 00:00:00;169;2023-06-17169;FARDO;20720;16105,01;0;1274944
282;2023-06-18 00:00:00;169;2023-06-18169;FARDO;20720;16105,01;0;1274944
283;2023-06-19 00:00:00;169;2023-06-19169;FARDO;20690;5314,54;0;1290319
284;2023-06-20 00:00:00;169;2023-06-20169;FARDO;31140;4884,97;0;1316575
285;2023-06-21 00:00:00;169;2023-06-21169;FARDO;9270;4692,24;0;1321152
286;2023-06-22 00:00:00;169;2023-06-22169;FARDO;21570;3928,84;0;1338793
287;2023-06-23 00:00:00;169;2023-06-23169;FARDO;22400;3947,81;0;1357246
288;2023-06-24 00:00:00;169;2023-06-24169;FARDO;22400;3947,81;0;1357246
289;2023-06-25 00:00:00;169;2023-06-25169;FARDO;22400;3947,81;0;1357246
290;2023-06-26 00:00:00;169;2023-06-26169;FARDO;22240;8747,28;0;1370738
291;2023-06-27 00:00:00;169;2023-06-27169;FARDO;21570;3516,06;0;1388792
292;2023-06-28 00:00:00;169;2023-06-28169;FARDO;21570;3516,06;0;1388792
293;2023-06-29 00:00:00;169;2023-06-29169;FARDO;21570;3516,06;0;1388792
294;2023-06-30 00:00:00;169;2023-06-30169;FARDO;21570;3516,06;0;1388792
295;2023-07-01 00:00:00;169;2023-07-01169;FARDO;21570;3516,06;0;1388792
296;2023-07-02 00:00:00;169;2023-07-02169;FARDO;21570;3516,06;0;1388792
297;2023-07-03 00:00:00;169;2023-07-03169;FARDO;21570;3516,06;0;1388792
298;2023-07-04 00:00:00;169;2023-07-04169;FARDO;23970;3525,34;0;1409237
299;2023-07-05 00:00:00;169;2023-07-05169;FARDO;23550;3395,95;0;1429391
300;2023-07-06 00:00:00;169;2023-07-06169;FARDO;10930;3018,04;0;1437303
301;2023-07-07 00:00:00;169;2023-07-07169;FARDO;13380;2993,3;0;1447690
302;2023-07-08 00:00:00;169;2023-07-08169;FARDO;13380;2993,3;0;1447690
303;2023-07-09 00:00:00;169;2023-07-09169;FARDO;13380;2993,3;0;1447690
304;2023-07-10 00:00:00;169;2023-07-10169;FARDO;13380;2993,3;0;1447690
305;2023-07-11 00:00:00;169;2023-07-11169;FARDO;13380;2993,3;0;1447690
306;2023-07-12 00:00:00;169;2023-07-12169;FARDO;13380;2993,3;0;1447690
307;2023-07-13 00:00:00;169;2023-07-13169;FARDO;13380;2993,3;0;1447690
308;2023-07-14 00:00:00;169;2023-07-14169;FARDO;13380;2993,3;0;1447690
309;2023-07-15 00:00:00;169;2023-07-15169;FARDO;13380;2993,3;0;1447690
310;2023-07-16 00:00:00;169;2023-07-16169;FARDO;13380;2993,3;0;1447690
311;2023-07-17 00:00:00;169;2023-07-17169;FARDO;13380;2993,3;0;1447690
312;2023-07-18 00:00:00;169;2023-07-18169;FARDO;13380;2993,3;0;1447690
313;2023-07-19 00:00:00;169;2023-07-19169;FARDO;13380;2993,3;0;1447690
314;2023-07-20 00:00:00;169;2023-07-20169;FARDO;23830;4521,45;0;1466998
315;2023-07-21 00:00:00;169;2023-07-21169;FARDO;22820;10919,13;0;1478899
316;2023-07-22 00:00:00;169;2023-07-22169;FARDO;22820;10919,13;0;1478899
317;2023-07-23 00:00:00;169;2023-07-23169;FARDO;22820;10919,13;0;1478899
318;2023-07-24 00:00:00;169;2023-07-24169;FARDO;12820;5214,82;0;1486504
319;2023-07-25 00:00:00;169;2023-07-25169;FARDO;12820;5214,82;0;1486504
320;2023-07-26 00:00:00;169;2023-07-26169;FARDO;12820;5214,82;0;1486504
321;2023-07-27 00:00:00;169;2023-07-27169;FARDO;12820;5214,82;0;1486504
322;2023-07-28 00:00:00;169;2023-07-28169;FARDO;12820;5214,82;0;1486504
323;2023-07-29 00:00:00;169;2023-07-29169;FARDO;12820;5214,82;0;1486504
324;2023-07-30 00:00:00;169;2023-07-30169;FARDO;12820;5214,82;0;1486504
325;2023-07-31 00:00:00;169;2023-07-31169;FARDO;11150;9098;0;1488556
326;2023-08-01 00:00:00;169;2023-08-01169;FARDO;65940;5739,89;0;1548756
327;2023-08-02 00:00:00;169;2023-08-02169;FARDO;54730;5919,1;0;1597567
328;2023-08-03 00:00:00;169;2023-08-03169;FARDO;54730;5919,1;0;1597567
329;2023-08-04 00:00:00;169;2023-08-04169;FARDO;54730;5919,1;0;1597567
330;2023-08-05 00:00:00;169;2023-08-05169;FARDO;54730;5919,1;0;1597567
331;2023-08-06 00:00:00;169;2023-08-06169;FARDO;54730;5919,1;0;1597567
332;2023-08-07 00:00:00;169;2023-08-07169;FARDO;54730;5919,1;0;1597567
333;2023-08-08 00:00:00;169;2023-08-08169;FARDO;62570;8380,47;0;1651757
334;2023-08-09 00:00:00;169;2023-08-09169;FARDO;69810;8685,96;0;1712881
335;2023-08-10 00:00:00;169;2023-08-10169;FARDO;69810;8685,96;0;1712881
336;2023-08-11 00:00:00;169;2023-08-11169;FARDO;69810;8685,96;0;1712881
337;2023-08-12 00:00:00;169;2023-08-12169;FARDO;69810;8685,96;0;1712881
338;2023-08-13 00:00:00;169;2023-08-13169;FARDO;69810;8685,96;0;1712881
339;2023-08-14 00:00:00;169;2023-08-14169;FARDO;69810;8685,96;0;1712881
340;2023-08-15 00:00:00;169;2023-08-15169;FARDO;71260;10407,07;0;1773734
341;2023-08-16 00:00:00;169;2023-08-16169;FARDO;57520;10632,08;0;1820622
342;2023-08-17 00:00:00;169;2023-08-17169;FARDO;11580;12389,84;0;1819812
343;2023-08-18 00:00:00;169;2023-08-18169;FARDO;11580;12389,84;0;1819812
344;2023-08-19 00:00:00;169;2023-08-19169;FARDO;11580;12389,84;0;1819812
345;2023-08-20 00:00:00;169;2023-08-20169;FARDO;11580;12389,84;0;1819812
346;2023-08-21 00:00:00;169;2023-08-21169;FARDO;11580;12389,84;0;1819812
347;2023-08-22 00:00:00;169;2023-08-22169;FARDO;11580;12389,84;0;1819812
348;2023-08-23 00:00:00;169;2023-08-23169;FARDO;11580;12389,84;0;1819812
349;2023-08-24 00:00:00;169;2023-08-24169;FARDO;11580;12389,84;0;1819812
350;2023-08-25 00:00:00;169;2023-08-25169;FARDO;11580;12389,84;0;1819812
351;2023-08-26 00:00:00;169;2023-08-26169;FARDO;11580;12389,84;0;1819812
352;2023-05-31 00:00:00;167;2023-05-31167;MAIZ GRANO SECO;0;0;8815000;8815000
353;2023-06-01 00:00:00;167;2023-06-01167;MAIZ GRANO SECO;0;0;8815000;8815000
354;2023-06-02 00:00:00;167;2023-06-02167;MAIZ GRANO SECO;0;0;8815000;8815000
355;2023-06-03 00:00:00;167;2023-06-03167;MAIZ GRANO SECO;0;0;8815000;8815000
356;2023-06-04 00:00:00;167;2023-06-04167;MAIZ GRANO SECO;0;0;8815000;8815000
357;2023-06-05 00:00:00;167;2023-06-05167;MAIZ GRANO SECO;0;0;8815000;8815000
358;2023-06-06 00:00:00;167;2023-06-06167;MAIZ GRANO SECO;59330;28933,715;0;8845396
359;2023-06-07 00:00:00;167;2023-06-07167;MAIZ GRANO SECO;59330;28933,715;0;8845396
360;2023-06-08 00:00:00;167;2023-06-08167;MAIZ GRANO SECO;59330;28933,715;0;8845396
361;2023-06-09 00:00:00;167;2023-06-09167;MAIZ GRANO SECO;89710;36192,105;0;8898914
362;2023-06-10 00:00:00;167;2023-06-10167;MAIZ GRANO SECO;89710;36192,105;0;8898914
363;2023-06-11 00:00:00;167;2023-06-11167;MAIZ GRANO SECO;89710;36192,105;0;8898914
364;2023-06-12 00:00:00;167;2023-06-12167;MAIZ GRANO SECO;89710;36192,105;0;8898914
365;2023-06-13 00:00:00;167;2023-06-13167;MAIZ GRANO SECO;89710;36192,105;0;8898914
366;2023-06-14 00:00:00;167;2023-06-14167;MAIZ GRANO SECO;89710;36192,105;0;8898914
367;2023-06-15 00:00:00;167;2023-06-15167;MAIZ GRANO SECO;89710;36192,105;0;8898914
368;2023-06-16 00:00:00;167;2023-06-16167;MAIZ GRANO SECO;89710;36192,105;0;8898914
369;2023-06-17 00:00:00;167;2023-06-17167;MAIZ GRANO SECO;89710;36192,105;0;8898914
370;2023-06-18 00:00:00;167;2023-06-18167;MAIZ GRANO SECO;89710;36192,105;0;8898914
371;2023-06-19 00:00:00;167;2023-06-19167;MAIZ GRANO SECO;89710;36192,105;0;8898914
372;2023-06-20 00:00:00;167;2023-06-20167;MAIZ GRANO SECO;89710;36192,105;0;8898914
373;2023-06-21 00:00:00;167;2023-06-21167;MAIZ GRANO SECO;89710;36192,105;0;8898914
374;2023-06-22 00:00:00;167;2023-06-22167;MAIZ GRANO SECO;89710;36192,105;0;8898914
375;2023-06-23 00:00:00;167;2023-06-23167;MAIZ GRANO SECO;89710;36192,105;0;8898914
376;2023-06-24 00:00:00;167;2023-06-24167;MAIZ GRANO SECO;89710;36192,105;0;8898914
377;2023-06-25 00:00:00;167;2023-06-25167;MAIZ GRANO SECO;89710;36192,105;0;8898914
378;2023-06-26 00:00:00;167;2023-06-26167;MAIZ GRANO SECO;89710;36192,105;0;8898914
379;2023-06-27 00:00:00;167;2023-06-27167;MAIZ GRANO SECO;89710;36192,105;0;8898914
380;2023-06-28 00:00:00;167;2023-06-28167;MAIZ GRANO SECO;89710;36192,105;0;8898914
381;2023-06-29 00:00:00;167;2023-06-29167;MAIZ GRANO SECO;89710;36192,105;0;8898914
382;2023-06-30 00:00:00;167;2023-06-30167;MAIZ GRANO SECO;89710;36192,105;0;8898914
383;2023-07-01 00:00:00;167;2023-07-01167;MAIZ GRANO SECO;31720;29168,61;0;8901465
384;2023-07-02 00:00:00;167;2023-07-02167;MAIZ GRANO SECO;32260;30853,525;0;8902872
385;2023-07-03 00:00:00;167;2023-07-03167;MAIZ GRANO SECO;32710;31373,125;0;8904208
386;2023-07-04 00:00:00;167;2023-07-04167;MAIZ GRANO SECO;32820;30532,72;0;8906496
387;2023-07-05 00:00:00;167;2023-07-05167;MAIZ GRANO SECO;29220;29470,86;0;8906245
388;2023-07-06 00:00:00;167;2023-07-06167;MAIZ GRANO SECO;29870;29470,225;0;8906645
389;2023-07-07 00:00:00;167;2023-07-07167;MAIZ GRANO SECO;29870;29470,225;0;8906645
390;2023-07-08 00:00:00;167;2023-07-08167;MAIZ GRANO SECO;29870;29470,225;0;8906645
391;2023-07-09 00:00:00;167;2023-07-09167;MAIZ GRANO SECO;29870;29470,225;0;8906645
392;2023-07-10 00:00:00;167;2023-07-10167;MAIZ GRANO SECO;29870;29470,225;0;8906645
393;2023-07-11 00:00:00;167;2023-07-11167;MAIZ GRANO SECO;30210;30720,335;0;8906134
394;2023-07-12 00:00:00;167;2023-07-12167;MAIZ GRANO SECO;30210;30720,335;0;8906134
395;2023-07-13 00:00:00;167;2023-07-13167;MAIZ GRANO SECO;148650;29824,68;0;9024960
396;2023-07-14 00:00:00;167;2023-07-14167;MAIZ GRANO SECO;148650;29824,68;0;9024960
397;2023-07-15 00:00:00;167;2023-07-15167;MAIZ GRANO SECO;148650;29824,68;0;9024960
398;2023-07-16 00:00:00;167;2023-07-16167;MAIZ GRANO SECO;148650;29824,68;0;9024960
399;2023-07-17 00:00:00;167;2023-07-17167;MAIZ GRANO SECO;148650;29824,68;0;9024960
400;2023-07-18 00:00:00;167;2023-07-18167;MAIZ GRANO SECO;32310;28956,615;0;9028313
401;2023-07-19 00:00:00;167;2023-07-19167;MAIZ GRANO SECO;137410;28692,21;0;9137031
402;2023-07-20 00:00:00;167;2023-07-20167;MAIZ GRANO SECO;30040;27833,645;0;9139237
403;2023-07-21 00:00:00;167;2023-07-21167;MAIZ GRANO SECO;29920;27206,035;0;9141951
404;2023-07-22 00:00:00;167;2023-07-22167;MAIZ GRANO SECO;54230;26743,42;0;9169438
405;2023-07-23 00:00:00;167;2023-07-23167;MAIZ GRANO SECO;54230;26743,42;0;9169438
406;2023-07-24 00:00:00;167;2023-07-24167;MAIZ GRANO SECO;54230;26743,42;0;9169438
407;2023-07-25 00:00:00;167;2023-07-25167;MAIZ GRANO SECO;54230;26743,42;0;9169438
408;2023-07-26 00:00:00;167;2023-07-26167;MAIZ GRANO SECO;14220;21671,39;0;9161986
409;2023-07-27 00:00:00;167;2023-07-27167;MAIZ GRANO SECO;14220;21671,39;0;9161986
410;2023-07-28 00:00:00;167;2023-07-28167;MAIZ GRANO SECO;14220;21671,39;0;9161986
411;2023-07-29 00:00:00;167;2023-07-29167;MAIZ GRANO SECO;14220;21671,39;0;9161986
412;2023-07-30 00:00:00;167;2023-07-30167;MAIZ GRANO SECO;31270;23920,125;0;9169336
413;2023-07-31 00:00:00;167;2023-07-31167;MAIZ GRANO SECO;31700;21467,625;0;9179569
414;2023-08-01 00:00:00;167;2023-08-01167;MAIZ GRANO SECO;7540;18860,19;0;9168248
415;2023-08-02 00:00:00;167;2023-08-02167;MAIZ GRANO SECO;7540;18860,19;0;9168248
416;2023-08-03 00:00:00;167;2023-08-03167;MAIZ GRANO SECO;7540;18860,19;0;9168248
417;2023-08-04 00:00:00;167;2023-08-04167;MAIZ GRANO SECO;7540;18860,19;0;9168248
418;2023-08-05 00:00:00;167;2023-08-05167;MAIZ GRANO SECO;7540;18860,19;0;9168248
419;2023-08-06 00:00:00;167;2023-08-06167;MAIZ GRANO SECO;7540;18860,19;0;9168248
420;2023-08-07 00:00:00;167;2023-08-07167;MAIZ GRANO SECO;13440;17424,48;0;9164264
421;2023-08-08 00:00:00;167;2023-08-08167;MAIZ GRANO SECO;13440;17424,48;0;9164264
422;2023-08-09 00:00:00;167;2023-08-09167;MAIZ GRANO SECO;13440;17424,48;0;9164264
423;2023-08-10 00:00:00;167;2023-08-10167;MAIZ GRANO SECO;13440;17424,48;0;9164264
424;2023-08-11 00:00:00;167;2023-08-11167;MAIZ GRANO SECO;13440;17424,48;0;9164264
425;2023-08-12 00:00:00;167;2023-08-12167;MAIZ GRANO SECO;13440;17424,48;0;9164264
426;2023-08-13 00:00:00;167;2023-08-13167;MAIZ GRANO SECO;13440;17424,48;0;9164264
427;2023-08-14 00:00:00;167;2023-08-14167;MAIZ GRANO SECO;13440;17424,48;0;9164264
428;2023-08-15 00:00:00;167;2023-08-15167;MAIZ GRANO SECO;13440;17424,48;0;9164264
429;2023-08-16 00:00:00;167;2023-08-16167;MAIZ GRANO SECO;13440;17424,48;0;9164264
430;2023-08-17 00:00:00;167;2023-08-17167;MAIZ GRANO SECO;13440;17424,48;0;9164264
431;2023-08-18 00:00:00;167;2023-08-18167;MAIZ GRANO SECO;13440;17424,48;0;9164264
432;2023-08-19 00:00:00;167;2023-08-19167;MAIZ GRANO SECO;119730;42101,05;0;9241893
433;2023-08-20 00:00:00;167;2023-08-20167;MAIZ GRANO SECO;119730;42101,05;0;9241893
434;2023-08-21 00:00:00;167;2023-08-21167;MAIZ GRANO SECO;88440;42512,215;0;9287821
435;2023-08-22 00:00:00;167;2023-08-22167;MAIZ GRANO SECO;88440;42512,215;0;9287821
436;2023-08-23 00:00:00;167;2023-08-23167;MAIZ GRANO SECO;88440;42512,215;0;9287821
437;2023-08-24 00:00:00;167;2023-08-24167;MAIZ GRANO SECO;116020;47968,685;0;9355872
438;2023-08-25 00:00:00;167;2023-08-25167;MAIZ GRANO SECO;116020;47968,685;0;9355872
439;2023-08-26 00:00:00;167;2023-08-26167;MAIZ GRANO SECO;116020;47968,685;0;9355872
440;2023-05-31 00:00:00;173;2023-05-31173;NUCLEO;0;0;38500;38500
441;2023-06-01 00:00:00;173;2023-06-01173;NUCLEO;0;0;38500;38500
442;2023-06-02 00:00:00;173;2023-06-02173;NUCLEO;28050;4586,625;0;61963
443;2023-06-03 00:00:00;173;2023-06-03173;NUCLEO;28050;4586,625;0;61963
444;2023-06-04 00:00:00;173;2023-06-04173;NUCLEO;28050;4586,625;0;61963
445;2023-06-05 00:00:00;173;2023-06-05173;NUCLEO;28050;4586,625;0;61963
446;2023-06-06 00:00:00;173;2023-06-06173;NUCLEO;28050;4586,625;0;61963
447;2023-06-07 00:00:00;173;2023-06-07173;NUCLEO;28050;4586,625;0;61963
448;2023-06-08 00:00:00;173;2023-06-08173;NUCLEO;28050;4586,625;0;61963
449;2023-06-09 00:00:00;173;2023-06-09173;NUCLEO;27620;5045,485;0;84537
450;2023-06-10 00:00:00;173;2023-06-10173;NUCLEO;27620;5045,485;0;84537
451;2023-06-11 00:00:00;173;2023-06-11173;NUCLEO;27620;5045,485;0;84537
452;2023-06-12 00:00:00;173;2023-06-12173;NUCLEO;27620;5045,485;0;84537
453;2023-06-13 00:00:00;173;2023-06-13173;NUCLEO;27620;5045,485;0;84537
454;2023-06-14 00:00:00;173;2023-06-14173;NUCLEO;27620;5045,485;0;84537
455;2023-06-15 00:00:00;173;2023-06-15173;NUCLEO;27620;5045,485;0;84537
456;2023-06-16 00:00:00;173;2023-06-16173;NUCLEO;28320;5024,765;0;107833
457;2023-06-17 00:00:00;173;2023-06-17173;NUCLEO;28320;5024,765;0;107833
458;2023-06-18 00:00:00;173;2023-06-18173;NUCLEO;28320;5024,765;0;107833
459;2023-06-19 00:00:00;173;2023-06-19173;NUCLEO;28320;5024,765;0;107833
460;2023-06-20 00:00:00;173;2023-06-20173;NUCLEO;28050;4638,705;0;131244
461;2023-06-21 00:00:00;173;2023-06-21173;NUCLEO;27800;4391,035;0;154653
462;2023-06-22 00:00:00;173;2023-06-22173;NUCLEO;27800;4391,035;0;154653
463;2023-06-23 00:00:00;173;2023-06-23173;NUCLEO;27800;4391,035;0;154653
464;2023-06-24 00:00:00;173;2023-06-24173;NUCLEO;27800;4391,035;0;154653
465;2023-06-25 00:00:00;173;2023-06-25173;NUCLEO;27800;4391,035;0;154653
466;2023-06-26 00:00:00;173;2023-06-26173;NUCLEO;27800;4391,035;0;154653
467;2023-06-27 00:00:00;173;2023-06-27173;NUCLEO;27800;4391,035;0;154653
468;2023-06-28 00:00:00;173;2023-06-28173;NUCLEO;27800;4391,035;0;154653
469;2023-06-29 00:00:00;173;2023-06-29173;NUCLEO;27890;3906,135;0;178637
470;2023-06-30 00:00:00;173;2023-06-30173;NUCLEO;27890;3906,135;0;178637
471;2023-07-01 00:00:00;173;2023-07-01173;NUCLEO;27890;3906,135;0;178637
472;2023-07-02 00:00:00;173;2023-07-02173;NUCLEO;27890;3906,135;0;178637
473;2023-07-03 00:00:00;173;2023-07-03173;NUCLEO;27890;3906,135;0;178637
474;2023-07-04 00:00:00;173;2023-07-04173;NUCLEO;27890;3906,135;0;178637
475;2023-07-05 00:00:00;173;2023-07-05173;NUCLEO;27890;3906,135;0;178637
476;2023-07-06 00:00:00;173;2023-07-06173;NUCLEO;28020;4022,195;0;202635
477;2023-07-07 00:00:00;173;2023-07-07173;NUCLEO;28020;4022,195;0;202635
478;2023-07-08 00:00:00;173;2023-07-08173;NUCLEO;28020;4022,195;0;202635
479;2023-07-09 00:00:00;173;2023-07-09173;NUCLEO;28020;4022,195;0;202635
480;2023-07-10 00:00:00;173;2023-07-10173;NUCLEO;28020;4022,195;0;202635
481;2023-07-11 00:00:00;173;2023-07-11173;NUCLEO;28020;4022,195;0;202635
482;2023-07-12 00:00:00;173;2023-07-12173;NUCLEO;28020;4022,195;0;202635
483;2023-07-13 00:00:00;173;2023-07-13173;NUCLEO;28020;4022,195;0;202635
484;2023-07-14 00:00:00;173;2023-07-14173;NUCLEO;27830;3673,125;0;226791
485;2023-07-15 00:00:00;173;2023-07-15173;NUCLEO;27830;3673,125;0;226791
486;2023-07-16 00:00:00;173;2023-07-16173;NUCLEO;27830;3673,125;0;226791
487;2023-07-17 00:00:00;173;2023-07-17173;NUCLEO;27830;3673,125;0;226791
488;2023-07-18 00:00:00;173;2023-07-18173;NUCLEO;27830;3673,125;0;226791
489;2023-07-19 00:00:00;173;2023-07-19173;NUCLEO;27830;3673,125;0;226791
490;2023-07-20 00:00:00;173;2023-07-20173;NUCLEO;27980;3985,215;0;250786
491;2023-07-21 00:00:00;173;2023-07-21173;NUCLEO;27980;3985,215;0;250786
492;2023-07-22 00:00:00;173;2023-07-22173;NUCLEO;27980;3985,215;0;250786
493;2023-07-23 00:00:00;173;2023-07-23173;NUCLEO;27980;3985,215;0;250786
494;2023-07-24 00:00:00;173;2023-07-24173;NUCLEO;27980;3985,215;0;250786
495;2023-07-25 00:00:00;173;2023-07-25173;NUCLEO;27980;3985,215;0;250786
496;2023-07-26 00:00:00;173;2023-07-26173;NUCLEO;27980;3985,215;0;250786
497;2023-07-27 00:00:00;173;2023-07-27173;NUCLEO;27980;3985,215;0;250786
498;2023-07-28 00:00:00;173;2023-07-28173;NUCLEO;27980;3985,215;0;250786
499;2023-07-29 00:00:00;173;2023-07-29173;NUCLEO;27820;3127,885;0;275478
500;2023-07-30 00:00:00;173;2023-07-30173;NUCLEO;27820;3127,885;0;275478
501;2023-07-31 00:00:00;173;2023-07-31173;NUCLEO;27820;3127,885;0;275478
502;2023-08-01 00:00:00;173;2023-08-01173;NUCLEO;27900;2917,93;0;300460
503;2023-08-02 00:00:00;173;2023-08-02173;NUCLEO;27900;2917,93;0;300460
504;2023-08-03 00:00:00;173;2023-08-03173;NUCLEO;27900;2917,93;0;300460
505;2023-08-04 00:00:00;173;2023-08-04173;NUCLEO;27900;2917,93;0;300460
506;2023-08-05 00:00:00;173;2023-08-05173;NUCLEO;27900;2917,93;0;300460
507;2023-08-06 00:00:00;173;2023-08-06173;NUCLEO;27900;2917,93;0;300460
508;2023-08-07 00:00:00;173;2023-08-07173;NUCLEO;27900;2917,93;0;300460
509;2023-08-08 00:00:00;173;2023-08-08173;NUCLEO;27900;2917,93;0;300460
510;2023-08-09 00:00:00;173;2023-08-09173;NUCLEO;27900;2917,93;0;300460
511;2023-08-10 00:00:00;173;2023-08-10173;NUCLEO;27900;2917,93;0;300460
512;2023-08-11 00:00:00;173;2023-08-11173;NUCLEO;28080;3158,73;0;325382
513;2023-08-12 00:00:00;173;2023-08-12173;NUCLEO;28080;3158,73;0;325382
514;2023-08-13 00:00:00;173;2023-08-13173;NUCLEO;28080;3158,73;0;325382
515;2023-08-14 00:00:00;173;2023-08-14173;NUCLEO;28080;3158,73;0;325382
516;2023-08-15 00:00:00;173;2023-08-15173;NUCLEO;27940;3282,52;0;350039
517;2023-08-16 00:00:00;173;2023-08-16173;NUCLEO;27940;3282,52;0;350039
518;2023-08-17 00:00:00;173;2023-08-17173;NUCLEO;27940;3282,52;0;350039
519;2023-08-18 00:00:00;173;2023-08-18173;NUCLEO;27940;3282,52;0;350039
520;2023-08-19 00:00:00;173;2023-08-19173;NUCLEO;27940;3282,52;0;350039
521;2023-08-20 00:00:00;173;2023-08-20173;NUCLEO;27940;3282,52;0;350039
522;2023-08-21 00:00:00;173;2023-08-21173;NUCLEO;27940;3282,52;0;350039
523;2023-08-22 00:00:00;173;2023-08-22173;NUCLEO;27940;3282,52;0;350039
524;2023-08-23 00:00:00;173;2023-08-23173;NUCLEO;28200;4026,225;0;374213
525;2023-08-24 00:00:00;173;2023-08-24173;NUCLEO;28200;4026,225;0;374213
526;2023-08-25 00:00:00;173;2023-08-25173;NUCLEO;28200;4026,225;0;374213
527;2023-08-26 00:00:00;173;2023-08-26173;NUCLEO;28200;4026,225;0;374213
528;2023-05-31 00:00:00;168;2023-05-31168;TRIGO;0;0;411091;411091
529;2023-06-01 00:00:00;168;2023-06-01168;TRIGO;0;0;411091;411091
530;2023-06-02 00:00:00;168;2023-06-02168;TRIGO;0;0;411091;411091
531;2023-06-03 00:00:00;168;2023-06-03168;TRIGO;152270;67891,99;0;495469
532;2023-06-04 00:00:00;168;2023-06-04168;TRIGO;152270;67891,99;0;495469
533;2023-06-05 00:00:00;168;2023-06-05168;TRIGO;149580;63736,9;0;581312
534;2023-06-06 00:00:00;168;2023-06-06168;TRIGO;151070;61707,66;0;670674
535;2023-06-07 00:00:00;168;2023-06-07168;TRIGO;149440;64019,14;0;756095
536;2023-06-08 00:00:00;168;2023-06-08168;TRIGO;149440;64019,14;0;756095
537;2023-06-09 00:00:00;168;2023-06-09168;TRIGO;149440;64019,14;0;756095
538;2023-06-10 00:00:00;168;2023-06-10168;TRIGO;209550;71852,07;0;893793
539;2023-06-11 00:00:00;168;2023-06-11168;TRIGO;209550;71852,07;0;893793
540;2023-06-12 00:00:00;168;2023-06-12168;TRIGO;313310;66414,29;0;1140688
541;2023-06-13 00:00:00;168;2023-06-13168;TRIGO;313310;66414,29;0;1140688
542;2023-06-14 00:00:00;168;2023-06-14168;TRIGO;313310;66414,29;0;1140688
543;2023-06-15 00:00:00;168;2023-06-15168;TRIGO;152580;74692,62;0;1218576
544;2023-06-16 00:00:00;168;2023-06-16168;TRIGO;152580;74692,62;0;1218576
545;2023-06-17 00:00:00;168;2023-06-17168;TRIGO;152580;74692,62;0;1218576
546;2023-06-18 00:00:00;168;2023-06-18168;TRIGO;152580;74692,62;0;1218576
547;2023-06-19 00:00:00;168;2023-06-19168;TRIGO;152600;76223,94;0;1294952
548;2023-06-20 00:00:00;168;2023-06-20168;TRIGO;152600;76223,94;0;1294952
549;2023-06-21 00:00:00;168;2023-06-21168;TRIGO;152600;76223,94;0;1294952
550;2023-06-22 00:00:00;168;2023-06-22168;TRIGO;299150;69434,75;0;1524667
551;2023-06-23 00:00:00;168;2023-06-23168;TRIGO;299150;69434,75;0;1524667
552;2023-06-24 00:00:00;168;2023-06-24168;TRIGO;299150;69434,75;0;1524667
553;2023-06-25 00:00:00;168;2023-06-25168;TRIGO;299150;69434,75;0;1524667
554;2023-06-26 00:00:00;168;2023-06-26168;TRIGO;266900;74062,1;0;1717505
555;2023-06-27 00:00:00;168;2023-06-27168;TRIGO;32120;67037,81;0;1682587
556;2023-06-28 00:00:00;168;2023-06-28168;TRIGO;32120;67037,81;0;1682587
557;2023-06-29 00:00:00;168;2023-06-29168;TRIGO;32120;67037,81;0;1682587
558;2023-06-30 00:00:00;168;2023-06-30168;TRIGO;296830;66432,78;0;1912984
559;2023-07-01 00:00:00;168;2023-07-01168;TRIGO;296830;66432,78;0;1912984
560;2023-07-02 00:00:00;168;2023-07-02168;TRIGO;296830;66432,78;0;1912984
561;2023-07-03 00:00:00;168;2023-07-03168;TRIGO;296830;66432,78;0;1912984
562;2023-07-04 00:00:00;168;2023-07-04168;TRIGO;209520;72537,33;0;2049967
563;2023-07-05 00:00:00;168;2023-07-05168;TRIGO;210290;70112,29;0;2190145
564;2023-07-06 00:00:00;168;2023-07-06168;TRIGO;206670;69499,09;0;2327316
565;2023-07-07 00:00:00;168;2023-07-07168;TRIGO;206670;69499,09;0;2327316
566;2023-07-08 00:00:00;168;2023-07-08168;TRIGO;206670;69499,09;0;2327316
567;2023-07-09 00:00:00;168;2023-07-09168;TRIGO;206670;69499,09;0;2327316
568;2023-07-10 00:00:00;168;2023-07-10168;TRIGO;146330;75813,96;0;2397832
569;2023-07-11 00:00:00;168;2023-07-11168;TRIGO;142580;72857,18;0;2467555
570;2023-07-12 00:00:00;168;2023-07-12168;TRIGO;142580;72857,18;0;2467555
571;2023-07-13 00:00:00;168;2023-07-13168;TRIGO;142580;72857,18;0;2467555
572;2023-07-14 00:00:00;168;2023-07-14168;TRIGO;142580;72857,18;0;2467555
573;2023-07-15 00:00:00;168;2023-07-15168;TRIGO;146370;63128,23;0;2550796
574;2023-07-16 00:00:00;168;2023-07-16168;TRIGO;146370;63128,23;0;2550796
575;2023-07-17 00:00:00;168;2023-07-17168;TRIGO;115470;69066,11;0;2597200
576;2023-07-18 00:00:00;168;2023-07-18168;TRIGO;115470;69066,11;0;2597200
577;2023-07-19 00:00:00;168;2023-07-19168;TRIGO;85960;69924,96;0;2613235
578;2023-07-20 00:00:00;168;2023-07-20168;TRIGO;203580;67475,16;0;2749340
579;2023-07-21 00:00:00;168;2023-07-21168;TRIGO;143870;66526,56;0;2826684
580;2023-07-22 00:00:00;168;2023-07-22168;TRIGO;143870;66526,56;0;2826684
581;2023-07-23 00:00:00;168;2023-07-23168;TRIGO;143870;66526,56;0;2826684
582;2023-07-24 00:00:00;168;2023-07-24168;TRIGO;148070;62744,32;0;2912009
583;2023-07-25 00:00:00;168;2023-07-25168;TRIGO;145910;56779,56;0;3001140
584;2023-07-26 00:00:00;168;2023-07-26168;TRIGO;87010;54389,03;0;3033761
585;2023-07-27 00:00:00;168;2023-07-27168;TRIGO;253430;55812,06;0;3231379
586;2023-07-28 00:00:00;168;2023-07-28168;TRIGO;28240;58881,63;0;3200737
587;2023-07-29 00:00:00;168;2023-07-29168;TRIGO;28240;58881,63;0;3200737
588;2023-07-30 00:00:00;168;2023-07-30168;TRIGO;28240;58881,63;0;3200737
589;2023-07-31 00:00:00;168;2023-07-31168;TRIGO;28240;58881,63;0;3200737
590;2023-08-01 00:00:00;168;2023-08-01168;TRIGO;28240;58881,63;0;3200737
591;2023-08-02 00:00:00;168;2023-08-02168;TRIGO;28240;58881,63;0;3200737
592;2023-08-03 00:00:00;168;2023-08-03168;TRIGO;28240;58881,63;0;3200737
593;2023-08-04 00:00:00;168;2023-08-04168;TRIGO;28240;58881,63;0;3200737
594;2023-08-05 00:00:00;168;2023-08-05168;TRIGO;28240;58881,63;0;3200737
595;2023-08-06 00:00:00;168;2023-08-06168;TRIGO;28240;58881,63;0;3200737
596;2023-08-07 00:00:00;168;2023-08-07168;TRIGO;28240;58881,63;0;3200737
597;2023-08-08 00:00:00;168;2023-08-08168;TRIGO;28240;58881,63;0;3200737
598;2023-08-09 00:00:00;168;2023-08-09168;TRIGO;28240;58881,63;0;3200737
599;2023-08-10 00:00:00;168;2023-08-10168;TRIGO;28240;58881,63;0;3200737
600;2023-08-11 00:00:00;168;2023-08-11168;TRIGO;28240;58881,63;0;3200737
601;2023-08-12 00:00:00;168;2023-08-12168;TRIGO;28240;58881,63;0;3200737
602;2023-08-13 00:00:00;168;2023-08-13168;TRIGO;28240;58881,63;0;3200737
603;2023-08-14 00:00:00;168;2023-08-14168;TRIGO;28240;58881,63;0;3200737
604;2023-08-15 00:00:00;168;2023-08-15168;TRIGO;28240;58881,63;0;3200737
605;2023-08-16 00:00:00;168;2023-08-16168;TRIGO;28240;58881,63;0;3200737
606;2023-08-17 00:00:00;168;2023-08-17168;TRIGO;28240;58881,63;0;3200737
607;2023-08-18 00:00:00;168;2023-08-18168;TRIGO;28240;58881,63;0;3200737
608;2023-08-19 00:00:00;168;2023-08-19168;TRIGO;28240;58881,63;0;3200737
609;2023-08-20 00:00:00;168;2023-08-20168;TRIGO;28240;58881,63;0;3200737
610;2023-08-21 00:00:00;168;2023-08-21168;TRIGO;28240;58881,63;0;3200737
611;2023-08-22 00:00:00;168;2023-08-22168;TRIGO;28240;58881,63;0;3200737
612;2023-08-23 00:00:00;168;2023-08-23168;TRIGO;28240;58881,63;0;3200737
613;2023-08-24 00:00:00;168;2023-08-24168;TRIGO;28240;58881,63;0;3200737
614;2023-08-25 00:00:00;168;2023-08-25168;TRIGO;28240;58881,63;0;3200737
615;2023-08-26 00:00:00;168;2023-08-26168;TRIGO;28240;58881,63;0;3200737